[{"id":1,"costo":0.0,"consumoXHora":0.0,"energiaGenerada":0.0,"uso":"ninguno"},{"id":2,"costo":0.0,"consumoXHora":0.0,"energiaGenerada":0.0,"uso":"ninguno"},{"id":3,"costo":0.0,"consumoXHora":0.0,"energiaGenerada":0.0,"uso":"ninguno"},{"id":4,"costo":200.0,"consumoXHora":40.0,"energiaGenerada":50.0,"uso":"Comercial"},{"id":5,"costo":0.0,"consumoXHora":0.0,"energiaGenerada":0.0,"uso":"ninguno"},{"id":6,"costo":0.0,"consumoXHora":0.0,"energiaGenerada":0.0,"uso":"ninguno"},{"id":7,"costo":0.0,"consumoXHora":0.0,"energiaGenerada":0.0,"uso":"ninguno"},{"id":8,"costo":0.0,"consumoXHora":0.0,"energiaGenerada":0.0,"uso":"ninguno"},{"id":9,"costo":400.0,"consumoXHora":30.0,"energiaGenerada":20.0,"uso":"Trabajo"},{"id":10,"costo":0.0,"consumoXHora":0.0,"energiaGenerada":0.0,"uso":"ninguno"},{"id":11,"costo":1000.0,"consumoXHora":50.0,"energiaGenerada":70.0,"uso":"Residencial"},{"id":12,"costo":0.0,"consumoXHora":0.0,"energiaGenerada":0.0,"uso":"ninguno"},{"id":13,"costo":0.0,"consumoXHora":0.0,"energiaGenerada":0.0,"uso":"ninguno"},{"id":14,"costo":400.0,"consumoXHora":200.0,"energiaGenerada":22.0,"uso":"Trabajo emprendimiento"},{"id":15,"costo":1000.0,"consumoXHora":100.0,"energiaGenerada":50.0,"uso":"Domestico"}]