[{"tipoTransaccion":"GUARDAR FAMILIA Y GENERADOR","fecha":"2024-12-04T13:35:25.430837212","id":15},{"tipoTransaccion":"ELIMINAR FAMILIA, GENERADOR","fecha":"2024-12-03T10:13:20.030673859","id":16},{"tipoTransaccion":"ACTUALIZAR FAMILIA Y GENERADOR","fecha":"2024-12-03T10:10:35.008642359","id":16},{"tipoTransaccion":"GUARDAR FAMILIA Y GENERADOR","fecha":"2024-11-30T21:35:42.407123437","id":15},{"tipoTransaccion":"GUARDAR FAMILIA Y GENERADOR","fecha":"2024-11-30T21:34:16.356004813","id":13},{"tipoTransaccion":"GUARDAR FAMILIA Y GENERADOR","fecha":"2024-11-30T21:31:02.747107177","id":11},{"tipoTransaccion":"GUARDAR FAMILIA Y GENERADOR","fecha":"2024-11-30T21:29:12.537682953","id":9},{"tipoTransaccion":"ACTUALIZAR FAMILIA Y GENERADOR","fecha":"2024-11-30T21:27:35.718597652","id":3},{"tipoTransaccion":"GUARDAR FAMILIA Y GENERADOR","fecha":"2024-11-30T21:25:11.572004872","id":8},{"tipoTransaccion":"GUARDAR FAMILIA Y GENERADOR","fecha":"2024-11-30T21:23:24.210347210","id":6},{"tipoTransaccion":"GUARDAR FAMILIA Y GENERADOR","fecha":"2024-11-30T21:21:34.071416696","id":4},{"tipoTransaccion":"GUARDAR FAMILIA Y GENERADOR","fecha":"2024-11-30T21:19:58.475198211","id":2},{"tipoTransaccion":"ELIMINAR FAMILIA, GENERADOR","fecha":"2024-11-30T21:18:37.313738349","id":1},{"tipoTransaccion":"ELIMINAR FAMILIA, GENERADOR","fecha":"2024-11-30T21:18:34.656731013","id":3},{"tipoTransaccion":"GUARDAR FAMILIA Y GENERADOR","fecha":"2024-11-28T18:52:57.671411801","id":4},{"tipoTransaccion":"ACTUALIZAR FAMILIA Y GENERADOR","fecha":"2024-11-21T23:32:48.096987187","id":3},{"tipoTransaccion":"GUARDAR FAMILIA Y GENERADOR","fecha":"2024-11-15T09:08:10.630410098","id":4},{"tipoTransaccion":"ACTUALIZAR FAMILIA Y GENERADOR","fecha":"2024-11-03T18:24:55.021279011","id":4},{"tipoTransaccion":"GUARDAR FAMILIA Y GENERADOR","fecha":"2024-11-03T17:55:17.667455090","id":3},{"tipoTransaccion":"GUARDAR FAMILIA Y GENERADOR","fecha":"2024-11-03T17:54:24.611849723","id":1},{"tipoTransaccion":"ACTUALIZAR FAMILIA Y GENERADOR","fecha":"2024-11-03T17:52:09.481463599","id":4},{"tipoTransaccion":"ELIMINAR FAMILIA, GENERADOR","fecha":"2024-11-03T17:46:45.440933995","id":51},{"tipoTransaccion":"ACTUALIZAR FAMILIA Y GENERADOR","fecha":"2024-11-03T17:46:20.987313981","id":51},{"tipoTransaccion":"ELIMINAR FAMILIA, GENERADOR","fecha":"2024-11-03T17:40:47.979220952","id":51},{"tipoTransaccion":"ACTUALIZAR FAMILIA Y GENERADOR","fecha":"2024-11-03T17:40:24.021324576","id":51},{"tipoTransaccion":"GUARDAR FAMILIA Y GENERADOR","fecha":"2024-11-03T17:40:08.986549571","id":51},{"tipoTransaccion":"GUARDAR FAMILIA Y GENERADOR","fecha":"2024-11-03T17:38:29.508803444","id":51},{"tipoTransaccion":"GUARDAR FAMILIA Y GENERADOR","fecha":"2024-11-03T17:34:04.850566120","id":51},{"tipoTransaccion":"ACTUALIZAR FAMILIA Y GENERADOR","fecha":"2024-11-03T13:00:47.941838893","id":44},{"tipoTransaccion":"GUARDAR FAMILIA Y GENERADOR","fecha":"2024-11-03T12:58:26.017965801","id":50},{"tipoTransaccion":"GUARDAR FAMILIA Y GENERADOR","fecha":"2024-11-03T12:58:20.184091370","id":48},{"tipoTransaccion":"GUARDAR FAMILIA Y GENERADOR","fecha":"2024-11-03T12:58:18.466878077","id":46},{"tipoTransaccion":"GUARDAR FAMILIA Y GENERADOR","fecha":"2024-11-03T12:58:13.691251633","id":44},{"tipoTransaccion":"GUARDAR FAMILIA Y GENERADOR","fecha":"2024-11-03T12:58:11.892803835","id":42},{"tipoTransaccion":"GUARDAR FAMILIA Y GENERADOR","fecha":"2024-11-03T12:58:07.780520162","id":40},{"tipoTransaccion":"GUARDAR FAMILIA Y GENERADOR","fecha":"2024-11-03T12:58:06.091849473","id":38},{"tipoTransaccion":"GUARDAR FAMILIA Y GENERADOR","fecha":"2024-11-03T12:58:04.222185243","id":36},{"tipoTransaccion":"GUARDAR FAMILIA Y GENERADOR","fecha":"2024-11-03T12:58:02.281910704","id":34},{"tipoTransaccion":"GUARDAR FAMILIA Y GENERADOR","fecha":"2024-11-03T12:58:00.300100453","id":32},{"tipoTransaccion":"GUARDAR FAMILIA Y GENERADOR","fecha":"2024-11-03T12:57:55.498257396","id":30},{"tipoTransaccion":"GUARDAR FAMILIA Y GENERADOR","fecha":"2024-11-03T12:57:52.577021705","id":28},{"tipoTransaccion":"GUARDAR FAMILIA Y GENERADOR","fecha":"2024-11-03T12:57:50.106854103","id":26},{"tipoTransaccion":"GUARDAR FAMILIA Y GENERADOR","fecha":"2024-11-03T12:57:46.027472011","id":24},{"tipoTransaccion":"GUARDAR FAMILIA Y GENERADOR","fecha":"2024-11-03T12:57:43.585209388","id":22},{"tipoTransaccion":"GUARDAR FAMILIA Y GENERADOR","fecha":"2024-11-03T12:57:41.506264220","id":20},{"tipoTransaccion":"GUARDAR FAMILIA Y GENERADOR","fecha":"2024-11-03T12:57:36.457968738","id":18},{"tipoTransaccion":"GUARDAR FAMILIA Y GENERADOR","fecha":"2024-11-03T12:57:34.552826239","id":16},{"tipoTransaccion":"GUARDAR FAMILIA Y GENERADOR","fecha":"2024-11-03T12:57:32.181835826","id":14},{"tipoTransaccion":"GUARDAR FAMILIA Y GENERADOR","fecha":"2024-11-03T12:57:26.033037811","id":12},{"tipoTransaccion":"GUARDAR FAMILIA Y GENERADOR","fecha":"2024-11-03T12:56:44.384636762","id":10},{"tipoTransaccion":"GUARDAR FAMILIA Y GENERADOR","fecha":"2024-11-03T12:56:40.634782282","id":8},{"tipoTransaccion":"GUARDAR FAMILIA Y GENERADOR","fecha":"2024-11-03T12:56:32.992650939","id":6},{"tipoTransaccion":"GUARDAR FAMILIA Y GENERADOR","fecha":"2024-11-03T12:56:28.517669839","id":4},{"tipoTransaccion":"ACTUALIZAR FAMILIA Y GENERADOR","fecha":"2024-11-03T12:55:49.791703559","id":3},{"tipoTransaccion":"ACTUALIZAR FAMILIA Y GENERADOR","fecha":"2024-11-03T12:53:41.783647963","id":3},{"tipoTransaccion":"ELIMINAR FAMILIA, GENERADOR","fecha":"2024-11-03T12:52:37.078157383","id":3},{"tipoTransaccion":"ACTUALIZAR FAMILIA Y GENERADOR","fecha":"2024-11-03T12:51:30.343544571","id":3},{"tipoTransaccion":"ACTUALIZAR FAMILIA Y GENERADOR","fecha":"2024-11-03T12:50:16.321221592","id":3},{"tipoTransaccion":"ACTUALIZAR FAMILIA Y GENERADOR","fecha":"2024-11-03T11:25:48.103927150","id":1},{"tipoTransaccion":"ELIMINAR FAMILIA, GENERADOR","fecha":"2024-11-03T11:21:07.153317439","id":3},{"tipoTransaccion":"ELIMINAR FAMILIA, GENERADOR","fecha":"2024-11-03T09:06:47.676950653","id":4},{"tipoTransaccion":"ELIMINAR FAMILIA, GENERADOR","fecha":"2024-11-03T08:41:38.052954572","id":4},{"tipoTransaccion":"ELIMINAR FAMILIA, GENERADOR","fecha":"2024-11-03T08:41:10.178183549","id":4},{"tipoTransaccion":"ELIMINAR FAMILIA, GENERADOR","fecha":"2024-11-03T07:29:27.045073795","id":4},{"tipoTransaccion":"ELIMINAR FAMILIA, GENERADOR","fecha":"2024-11-03T07:16:58.573235764","id":4},{"tipoTransaccion":"ELIMINAR FAMILIA, GENERADOR","fecha":"2024-11-02T23:22:25.316844255","id":4},{"tipoTransaccion":"GUARDAR FAMILIA Y GENERADOR","fecha":"2024-11-02T23:21:29.902078211","id":4},{"tipoTransaccion":"ACTUALIZAR FAMILIA","fecha":"2024-11-02T15:17:59.204518930","id":3},{"tipoTransaccion":"ACTUALIZAR FAMILIA","fecha":"2024-11-02T06:41:20.046250663","id":3},{"tipoTransaccion":"ELIMINAR FAMILIA, GENERADOR","fecha":"2024-11-02T06:30:51.264116616","id":5},{"tipoTransaccion":"GUARDAR FAMILIA"},{"tipoTransaccion":"GUARDAR FAMILIA"},{"tipoTransaccion":"ELIMINAR FAMILIA, GENERADOR","fecha":"2024-11-02T06:31:36.980242683","id":4},{"tipoTransaccion":"ACTUALIZAR FAMILIA","fecha":"2024-11-02T15:17:38.645429290","id":3},{"tipoTransaccion":"ACTUALIZAR FAMILIA Y GENERADOR","fecha":"2024-11-02T23:00:42.513452583","id":3},{"tipoTransaccion":"ACTUALIZAR FAMILIA Y GENERADOR","fecha":"2024-11-02T23:22:09.914673009","id":4},{"tipoTransaccion":"GUARDAR FAMILIA Y GENERADOR","fecha":"2024-11-03T07:16:45.521955381","id":4},{"tipoTransaccion":"GUARDAR FAMILIA Y GENERADOR","fecha":"2024-11-03T07:25:12.222424783","id":4},{"tipoTransaccion":"GUARDAR FAMILIA Y GENERADOR","fecha":"2024-11-03T08:40:39.528128300","id":4},{"tipoTransaccion":"GUARDAR FAMILIA Y GENERADOR","fecha":"2024-11-03T08:41:25.096786076","id":4},{"tipoTransaccion":"GUARDAR FAMILIA Y GENERADOR","fecha":"2024-11-03T09:06:27.294409739","id":4},{"tipoTransaccion":"ACTUALIZAR FAMILIA Y GENERADOR","fecha":"2024-11-03T11:08:03.554803259","id":1},{"tipoTransaccion":"ACTUALIZAR FAMILIA Y GENERADOR","fecha":"2024-11-03T11:22:53.419659254","id":1},{"tipoTransaccion":"GUARDAR FAMILIA Y GENERADOR","fecha":"2024-11-03T12:48:13.054250694","id":3},{"tipoTransaccion":"ACTUALIZAR FAMILIA Y GENERADOR","fecha":"2024-11-03T12:51:11.663976661","id":3},{"tipoTransaccion":"ACTUALIZAR FAMILIA Y GENERADOR","fecha":"2024-11-03T12:51:44.876646972","id":3},{"tipoTransaccion":"GUARDAR FAMILIA Y GENERADOR","fecha":"2024-11-03T12:53:34.702837187","id":3},{"tipoTransaccion":"ACTUALIZAR FAMILIA Y GENERADOR","fecha":"2024-11-03T12:53:45.006356485","id":3},{"tipoTransaccion":"ACTUALIZAR FAMILIA Y GENERADOR","fecha":"2024-11-03T12:55:56.075917837","id":3},{"tipoTransaccion":"GUARDAR FAMILIA Y GENERADOR","fecha":"2024-11-03T12:56:30.832523617","id":5},{"tipoTransaccion":"GUARDAR FAMILIA Y GENERADOR","fecha":"2024-11-03T12:56:35.182062056","id":7},{"tipoTransaccion":"GUARDAR FAMILIA Y GENERADOR","fecha":"2024-11-03T12:56:42.780770974","id":9},{"tipoTransaccion":"GUARDAR FAMILIA Y GENERADOR","fecha":"2024-11-03T12:57:22.336190185","id":11},{"tipoTransaccion":"GUARDAR FAMILIA Y GENERADOR","fecha":"2024-11-03T12:57:29.491798352","id":13},{"tipoTransaccion":"GUARDAR FAMILIA Y GENERADOR","fecha":"2024-11-03T12:57:33.498573022","id":15},{"tipoTransaccion":"GUARDAR FAMILIA Y GENERADOR","fecha":"2024-11-03T12:57:35.579273411","id":17},{"tipoTransaccion":"GUARDAR FAMILIA Y GENERADOR","fecha":"2024-11-03T12:57:40.398230540","id":19},{"tipoTransaccion":"GUARDAR FAMILIA Y GENERADOR","fecha":"2024-11-03T12:57:42.552994846","id":21},{"tipoTransaccion":"GUARDAR FAMILIA Y GENERADOR","fecha":"2024-11-03T12:57:44.609047313","id":23},{"tipoTransaccion":"GUARDAR FAMILIA Y GENERADOR","fecha":"2024-11-03T12:57:49.073871240","id":25},{"tipoTransaccion":"GUARDAR FAMILIA Y GENERADOR","fecha":"2024-11-03T12:57:51.116738430","id":27},{"tipoTransaccion":"GUARDAR FAMILIA Y GENERADOR","fecha":"2024-11-03T12:57:54.538664009","id":29},{"tipoTransaccion":"GUARDAR FAMILIA Y GENERADOR","fecha":"2024-11-03T12:57:56.514517521","id":31},{"tipoTransaccion":"GUARDAR FAMILIA Y GENERADOR","fecha":"2024-11-03T12:58:01.315263629","id":33},{"tipoTransaccion":"GUARDAR FAMILIA Y GENERADOR","fecha":"2024-11-03T12:58:03.291317857","id":35},{"tipoTransaccion":"GUARDAR FAMILIA Y GENERADOR","fecha":"2024-11-03T12:58:05.148747059","id":37},{"tipoTransaccion":"GUARDAR FAMILIA Y GENERADOR","fecha":"2024-11-03T12:58:06.916071770","id":39},{"tipoTransaccion":"GUARDAR FAMILIA Y GENERADOR","fecha":"2024-11-03T12:58:08.769073448","id":41},{"tipoTransaccion":"GUARDAR FAMILIA Y GENERADOR","fecha":"2024-11-03T12:58:12.800503814","id":43},{"tipoTransaccion":"GUARDAR FAMILIA Y GENERADOR","fecha":"2024-11-03T12:58:17.566364095","id":45},{"tipoTransaccion":"GUARDAR FAMILIA Y GENERADOR","fecha":"2024-11-03T12:58:19.373383406","id":47},{"tipoTransaccion":"GUARDAR FAMILIA Y GENERADOR","fecha":"2024-11-03T12:58:20.997294212","id":49},{"tipoTransaccion":"GUARDAR FAMILIA Y GENERADOR","fecha":"2024-11-03T12:58:27.573822614","id":51},{"tipoTransaccion":"ELIMINAR FAMILIA, GENERADOR","fecha":"2024-11-03T13:01:25.390679055","id":51},{"tipoTransaccion":"ACTUALIZAR FAMILIA Y GENERADOR","fecha":"2024-11-03T17:36:19.731877104","id":50},{"tipoTransaccion":"ACTUALIZAR FAMILIA Y GENERADOR","fecha":"2024-11-03T17:38:36.467634512","id":51},{"tipoTransaccion":"ACTUALIZAR FAMILIA Y GENERADOR","fecha":"2024-11-03T17:40:18.372475901","id":51},{"tipoTransaccion":"ACTUALIZAR FAMILIA Y GENERADOR","fecha":"2024-11-03T17:40:37.325259537","id":51},{"tipoTransaccion":"GUARDAR FAMILIA Y GENERADOR","fecha":"2024-11-03T17:45:54.968050530","id":51},{"tipoTransaccion":"ACTUALIZAR FAMILIA Y GENERADOR","fecha":"2024-11-03T17:46:32.150010995","id":51},{"tipoTransaccion":"ACTUALIZAR FAMILIA Y GENERADOR","fecha":"2024-11-03T17:51:59.643000532","id":4},{"tipoTransaccion":"ELIMINAR FAMILIA, GENERADOR","fecha":"2024-11-03T17:52:25.674698736","id":50},{"tipoTransaccion":"GUARDAR FAMILIA Y GENERADOR","fecha":"2024-11-03T17:54:42.026400605","id":2},{"tipoTransaccion":"GUARDAR FAMILIA Y GENERADOR","fecha":"2024-11-03T18:23:44.260869492","id":4},{"tipoTransaccion":"ELIMINAR FAMILIA, GENERADOR","fecha":"2024-11-03T18:25:07.805478749","id":4},{"tipoTransaccion":"ACTUALIZAR FAMILIA Y GENERADOR","fecha":"2024-11-21T23:32:20.047165112","id":3},{"tipoTransaccion":"GUARDAR FAMILIA Y GENERADOR","fecha":"2024-11-28T18:43:10.584393643","id":3},{"tipoTransaccion":"ELIMINAR FAMILIA, GENERADOR","fecha":"2024-11-30T21:18:31.967076680","id":4},{"tipoTransaccion":"ELIMINAR FAMILIA, GENERADOR","fecha":"2024-11-30T21:18:35.981396163","id":2},{"tipoTransaccion":"GUARDAR FAMILIA Y GENERADOR","fecha":"2024-11-30T21:19:10.145776588","id":1},{"tipoTransaccion":"GUARDAR FAMILIA Y GENERADOR","fecha":"2024-11-30T21:20:27.666975026","id":3},{"tipoTransaccion":"GUARDAR FAMILIA Y GENERADOR","fecha":"2024-11-30T21:22:53.609619770","id":5},{"tipoTransaccion":"GUARDAR FAMILIA Y GENERADOR","fecha":"2024-11-30T21:24:22.430791987","id":7},{"tipoTransaccion":"ACTUALIZAR FAMILIA Y GENERADOR","fecha":"2024-11-30T21:27:19.436375527","id":2},{"tipoTransaccion":"ACTUALIZAR FAMILIA Y GENERADOR","fecha":"2024-11-30T21:28:03.214070162","id":5},{"tipoTransaccion":"GUARDAR FAMILIA Y GENERADOR","fecha":"2024-11-30T21:30:17.855209683","id":10},{"tipoTransaccion":"GUARDAR FAMILIA Y GENERADOR","fecha":"2024-11-30T21:33:42.825014408","id":12},{"tipoTransaccion":"GUARDAR FAMILIA Y GENERADOR","fecha":"2024-11-30T21:34:53.392349598","id":14},{"tipoTransaccion":"GUARDAR FAMILIA Y GENERADOR","fecha":"2024-11-30T21:36:34.946267138","id":16},{"tipoTransaccion":"ACTUALIZAR FAMILIA Y GENERADOR","fecha":"2024-12-03T10:11:53.327437714","id":16},{"tipoTransaccion":"ELIMINAR FAMILIA, GENERADOR","fecha":"2024-12-03T10:13:27.687200916","id":15}]